corridor_id,agent_id,date,utd,trace_id,hh,mm,ss,y_coord,x_coord
Silk Street,1,,89398,0,,None,,53.48562800000001,-2.264742
Silk Street,1,,89399,1,,None,,53.486187,-2.264694
Silk Street,1,,89400,2,,None,,53.48682,-2.264653
Silk Street,1,,89401,3,,None,,53.48719000000001,-2.264374
Silk Street,1,,89402,4,,None,,53.48749599999999,-2.26386
Silk Street,1,,89403,5,,None,,53.487956,-2.262872
Silk Street,1,,89404,6,,None,,53.489087,-2.260317
Silk Street,1,,89405,7,,None,,53.48960600000001,-2.259142
Silk Street,1,,89406,8,,None,,53.48961800000001,-2.259101
Broughton Bridge,2,,89407,0,,None,,53.48959,-2.258739
Broughton Bridge,2,,89408,1,,None,,53.48982700000001,-2.259055
Broughton Bridge,2,,89409,2,,None,,53.490302,-2.259402
Broughton Bridge,2,,89410,3,,None,,53.49061999999999,-2.25952
Broughton Bridge,2,,89411,4,,None,,53.490836,-2.2595650000000003
Broughton Bridge,2,,89412,5,,None,,53.490999,-2.259553
Broughton Bridge,2,,89413,6,,None,,53.491315,-2.2595400000000003
St Simon Street,3,,89414,0,,None,,53.488614,-2.255877
St Simon Street,3,,89415,1,,None,,53.48876,-2.255944
St Simon Street,3,,89416,2,,None,,53.488947,-2.256221
St Simon Street,3,,89417,3,,None,,53.48931,-2.256212
St Simon Street,3,,89418,4,,None,,53.489373,-2.256164
St Simon Street,3,,89419,5,,None,,53.489707,-2.256186
St Simon Street,3,,89420,6,,None,,53.489842,-2.256333
St Simon Street,3,,89421,7,,None,,53.489897,-2.256532
St Simon Street,3,,89422,8,,None,,53.48991899999999,-2.257865
St Simon Street,3,,89423,9,,None,,53.489922,-2.258251
St Simon Street,3,,89424,10,,None,,53.489911,-2.258384
St Simon Street,3,,89425,11,,None,,53.489856,-2.258546
St Simon Street,3,,89426,12,,None,,53.489803,-2.2587
Blackfriars Road,4,,89427,0,,None,,53.486829,-2.253664
Blackfriars Road,4,,89428,1,,None,,53.487227,-2.254386
Blackfriars Road,4,,89429,2,,None,,53.487698,-2.255174
Blackfriars Road,4,,89430,3,,None,,53.488339,-2.2561560000000003
Blackfriars Road,4,,89431,4,,None,,53.488961,-2.257531
Blackfriars Road,4,,89432,5,,None,,53.489246,-2.25812
Blackfriars Road,4,,89433,6,,None,,53.48959,-2.258739
Blackfriars Road,5,,89434,0,,None,,53.48986800000001,-2.258999
Blackfriars Road,5,,89435,1,,None,,53.489496,-2.258436
Blackfriars Road,5,,89436,2,,None,,53.489105,-2.257706
Blackfriars Road,5,,89437,3,,None,,53.488791000000006,-2.257074
Blackfriars Road,5,,89438,4,,None,,53.488314,-2.256006
Blackfriars Road,5,,89439,5,,None,,53.487797,-2.255248
Blackfriars Road,5,,89440,6,,None,,53.48686,-2.2535380000000003
Trinity Way,6,,89441,0,,None,,53.48686,-2.2535380000000003
Trinity Way,6,,89442,1,,None,,53.487007,-2.2533380000000003
Trinity Way,6,,89443,2,,None,,53.487372,-2.2526
Trinity Way,6,,89444,3,,None,,53.487712,-2.251857
Trinity Way,6,,89445,4,,None,,53.48791,-2.251307
Trinity Way,7,,89446,0,,None,,53.487846,-2.251208
Trinity Way,7,,89447,1,,None,,53.487819,-2.251292
Trinity Way,7,,89448,2,,None,,53.48734,-2.252377
Trinity Way,7,,89449,3,,None,,53.486872,-2.253273
Trinity Way,7,,89450,4,,None,,53.486802,-2.253434
Trinity Way,8,,89451,0,,None,,53.487864,-2.251232
Trinity Way,8,,89452,1,,None,,53.487275,-2.252605
Trinity Way,8,,89453,2,,None,,53.487187,-2.252798
Trinity Way,8,,89454,3,,None,,53.486802,-2.253575
Trinity Way,9,,89455,0,,None,,53.485393,-2.2557810000000003
Trinity Way,9,,89456,1,,None,,53.485577,-2.255578
Trinity Way,9,,89457,2,,None,,53.486012,-2.255067
Trinity Way,9,,89458,3,,None,,53.486288,-2.25463
Trinity Way,9,,89459,4,,None,,53.486829,-2.253664
Trinity Way,10,,89460,0,,None,,53.486319,-2.254571
Trinity Way,10,,89461,1,,None,,53.486408,-2.254314
Trinity Way,10,,89462,2,,None,,53.486439,-2.254263
Trinity Way,10,,89463,3,,None,,53.486802,-2.253575
Trinity Way,11,,89464,0,,None,,53.486802,-2.253434
Trinity Way,11,,89465,1,,None,,53.486637,-2.253718
Trinity Way,11,,89466,2,,None,,53.486398,-2.254173
Trinity Way,11,,89467,3,,None,,53.48601899999999,-2.254802
Trinity Way,11,,89468,4,,None,,53.48556899999999,-2.25533
Springfield Lane,12,,89469,0,,None,,53.48979300000001,-2.25124
Springfield Lane,12,,89470,1,,None,,53.489597,-2.251146
Springfield Lane,12,,89471,2,,None,,53.489172,-2.251114
Springfield Lane,12,,89472,3,,None,,53.488517,-2.251178
Springfield Lane,12,,89473,4,,None,,53.48824200000001,-2.25117
Springfield Lane,12,,89474,5,,None,,53.48810600000001,-2.2511
Trinity Way,13,,89475,0,,None,,53.488026,-2.250859
Trinity Way,13,,89476,1,,None,,53.488037,-2.250818
Trinity Way,13,,89477,2,,None,,53.488184,-2.250035
Trinity Way,13,,89478,3,,None,,53.488264,-2.2495
Trinity Way,13,,89479,4,,None,,53.48828100000001,-2.249089
Trinity Way,13,,89480,5,,None,,53.488302,-2.247739
Trinity Way,13,,89481,6,,None,,53.488354,-2.246801
Trinity Way,13,,89482,7,,None,,53.48846,-2.246194
New Bridge Street,14,,89483,0,,None,,53.48840600000001,-2.24591
New Bridge Street,14,,89484,1,,None,,53.488397,-2.2459990000000003
New Bridge Street,14,,89485,2,,None,,53.48824000000001,-2.247203
New Bridge Street,14,,89486,3,,None,,53.488176,-2.249142
New Bridge Street,14,,89487,4,,None,,53.488122,-2.249934
New Bridge Street,14,,89488,5,,None,,53.48797,-2.250754
Great Ducie Street,15,,89489,0,,None,,53.492199,-2.248828
Great Ducie Street,15,,89490,1,,None,,53.491709,-2.248419
Great Ducie Street,15,,89491,2,,None,,53.490865,-2.247566
Great Ducie Street,15,,89492,3,,None,,53.490584,-2.24731
Great Ducie Street,15,,89493,4,,None,,53.490064,-2.246935
Great Ducie Street,15,,89494,5,,None,,53.489594,-2.246581
Great Ducie Street,15,,89495,6,,None,,53.489516,-2.246514
Great Ducie Street,15,,89496,7,,None,,53.488707,-2.245912
Great Ducie Street,16,,89497,0,,None,,53.48854,-2.245934
Great Ducie Street,16,,89498,1,,None,,53.488986,-2.246318
Great Ducie Street,16,,89499,2,,None,,53.489482,-2.246591
Great Ducie Street,16,,89500,3,,None,,53.489763,-2.246795
Great Ducie Street,16,,89501,4,,None,,53.490586,-2.247367
Great Ducie Street,16,,89502,5,,None,,53.490956,-2.247739
Great Ducie Street,16,,89503,6,,None,,53.49216,-2.248873
Great Ducie Street,16,,89504,7,,None,,53.492221,-2.24893
New Bridge Street,17,,89505,0,,None,,53.488521,-2.245602
New Bridge Street,17,,89506,1,,None,,53.488546,-2.245447
New Bridge Street,17,,89507,2,,None,,53.488872,-2.244089
New Bridge Street,17,,89508,3,,None,,53.489013,-2.243612
New Bridge Street,18,,89509,0,,None,,53.488938,-2.243444
New Bridge Street,18,,89510,1,,None,,53.488917,-2.243529
New Bridge Street,18,,89511,2,,None,,53.488606,-2.244754
New Bridge Street,18,,89512,3,,None,,53.48846999999999,-2.245358
New Bridge Street,19,,89513,0,,None,,53.488733,-2.244257
New Bridge Street,19,,89514,1,,None,,53.488687,-2.244577
New Bridge Street,19,,89515,2,,None,,53.48863000000001,-2.244798
New Bridge Street,19,,89516,3,,None,,53.48849300000001,-2.245372
New Bridge Street,20,,89517,0,,None,,53.48910600000001,-2.24321
New Bridge Street,20,,89518,1,,None,,53.489123,-2.24313
New Bridge Street,20,,89519,2,,None,,53.489383,-2.242085
New Bridge Street,21,,89520,0,,None,,53.48934000000001,-2.241821
New Bridge Street,21,,89521,1,,None,,53.48925600000001,-2.242232
New Bridge Street,21,,89522,2,,None,,53.48904399999999,-2.243146
Lord Street,22,,89523,0,,None,,53.492549,-2.244741
Lord Street,22,,89524,1,,None,,53.492116,-2.2426060000000003
Lord Street,22,,89525,2,,None,,53.491896,-2.241535
Lord Street,22,,89526,3,,None,,53.491787,-2.240982
Cheetham Hill Road,23,,89527,0,,None,,53.491611,-2.240806
Cheetham Hill Road,23,,89528,1,,None,,53.491807,-2.24068
Cheetham Hill Road,23,,89529,2,,None,,53.492544,-2.240275
Cheetham Hill Road,23,,89530,3,,None,,53.49332800000001,-2.239819
Cheetham Hill Road,23,,89531,4,,None,,53.494063,-2.23939
Lord Street,24,,89532,0,,None,,53.491126,-2.238397
Lord Street,24,,89533,1,,None,,53.491462,-2.239729
Lord Street,24,,89534,2,,None,,53.491647,-2.240535
Cheetham Hill Road,25,,89535,0,,None,,53.491796,-2.24061
Cheetham Hill Road,25,,89536,1,,None,,53.490487,-2.24137
Cheetham Hill Road,25,,89537,2,,None,,53.490042,-2.241557
Cheetham Hill Road,25,,89538,3,,None,,53.48966400000001,-2.2415700000000003
Cheetham Hill Road,26,,89539,0,,None,,53.490438,-2.241391
Cheetham Hill Road,26,,89540,1,,None,,53.490107,-2.24159
Cheetham Hill Road,26,,89541,2,,None,,53.489649,-2.2416270000000003
Cheetham Hill Road,27,,89542,0,,None,,53.48961,-2.241737
Cheetham Hill Road,27,,89543,1,,None,,53.490085,-2.241684
Cheetham Hill Road,27,,89544,2,,None,,53.49066800000001,-2.241364
Cheetham Hill Road,27,,89545,3,,None,,53.491611,-2.240806
Cheetham Hill Road,28,,89546,0,,None,,53.489325,-2.241452
Cheetham Hill Road,28,,89547,1,,None,,53.48927800000001,-2.241421
Cheetham Hill Road,28,,89548,2,,None,,53.488388,-2.240566
Cheetham Hill Road,28,,89549,3,,None,,53.487989,-2.240214
Cheetham Hill Road,29,,89550,0,,None,,53.487832,-2.240184
Cheetham Hill Road,29,,89551,1,,None,,53.487997,-2.24031
Cheetham Hill Road,29,,89552,2,,None,,53.488366000000006,-2.240637
Cheetham Hill Road,29,,89553,3,,None,,53.489084,-2.241332
Cheetham Hill Road,29,,89554,4,,None,,53.489282,-2.241566
Cheetham Hill Road,30,,89555,0,,None,,53.487738,-2.24032
Cheetham Hill Road,30,,89556,1,,None,,53.487922,-2.240327
Cheetham Hill Road,30,,89557,2,,None,,53.48798000000001,-2.24037
Cheetham Hill Road,30,,89558,3,,None,,53.489086,-2.241391
Cheetham Hill Road,30,,89559,4,,None,,53.489171,-2.241568
Corporation Street,31,,89560,0,,None,,53.487892,-2.239978
Corporation Street,31,,89561,1,,None,,53.487942,-2.23982
Corporation Street,31,,89562,2,,None,,53.488125,-2.23958
Corporation Street,31,,89563,3,,None,,53.48831800000001,-2.239396
Corporation Street,32,,89564,0,,None,,53.488356,-2.239341
Corporation Street,32,,89565,1,,None,,53.48853199999999,-2.239126
Corporation Street,32,,89566,2,,None,,53.488587,-2.23905
Corporation Street,32,,89567,3,,None,,53.488684,-2.2388
Corporation Street,32,,89568,4,,None,,53.48869300000001,-2.238416
Corporation Street,32,,89569,5,,None,,53.488652,-2.238057
Corporation Street,33,,89570,0,,None,,53.48833199999999,-2.23921
Corporation Street,33,,89571,1,,None,,53.48849300000001,-2.239105
Corporation Street,33,,89572,2,,None,,53.488547,-2.2389900000000003
Corporation Street,33,,89573,3,,None,,53.488637,-2.238757
Corporation Street,33,,89574,4,,None,,53.488636,-2.238385
Corporation Street,33,,89575,5,,None,,53.488604,-2.238084
Corporation Street,34,,89576,0,,None,,53.488239,-2.239307
Corporation Street,34,,89577,1,,None,,53.488187,-2.23938
Corporation Street,34,,89578,2,,None,,53.487971,-2.23964
Corporation Street,34,,89579,3,,None,,53.487904,-2.239694
Dantzic Street,35,,89580,0,,None,,53.48935,-2.237344
Dantzic Street,35,,89581,1,,None,,53.48925500000001,-2.237306
Dantzic Street,35,,89582,2,,None,,53.48917700000001,-2.23733
Dantzic Street,35,,89583,3,,None,,53.488749,-2.237636
St Michael's Square,36,,89584,0,,None,,53.488582,-2.237512
St Michael's Square,36,,89585,1,,None,,53.488579,-2.23745
St Michael's Square,36,,89586,2,,None,,53.488476,-2.237043
St Michael's Square,36,,89587,3,,None,,53.488325,-2.236753
St Michael's Square,36,,89588,4,,None,,53.488063,-2.236469
St Michael's Square,37,,89589,0,,None,,53.488547,-2.237518
St Michael's Square,37,,89590,1,,None,,53.488548,-2.237469
St Michael's Square,37,,89591,2,,None,,53.488436,-2.237064
St Michael's Square,37,,89592,3,,None,,53.488285,-2.236785
St Michael's Square,37,,89593,4,,None,,53.488049,-2.236512
Angel Street,38,,89594,0,,None,,53.488063,-2.236469
Angel Street,38,,89595,1,,None,,53.487903,-2.236316
Angel Street,38,,89596,2,,None,,53.487288,-2.235565
Angel Street,39,,89597,0,,None,,53.488049,-2.236512
Angel Street,39,,89598,1,,None,,53.487886,-2.236359
Angel Street,39,,89599,2,,None,,53.487267,-2.235629
Rochdale Road,40,,89600,0,,None,,53.487008,-2.234964
Rochdale Road,40,,89601,1,,None,,53.487028,-2.23491
Rochdale Road,40,,89602,2,,None,,53.48775,-2.233277
Rochdale Road,41,,89603,0,,None,,53.48798000000001,-2.232676
Rochdale Road,41,,89604,1,,None,,53.488008,-2.232623
Rochdale Road,41,,89605,2,,None,,53.48814,-2.232287
Rochdale Road,41,,89606,3,,None,,53.488365,-2.231636
Rochdale Road,41,,89607,4,,None,,53.488435,-2.231461
Rochdale Road,41,,89608,5,,None,,53.488772,-2.230968
Rochdale Road,41,,89609,6,,None,,53.489406,-2.230073
Rochdale Road,41,,89610,7,,None,,53.49064,-2.228334
Rochdale Road,42,,89611,0,,None,,53.48770699999999,-2.233095
Rochdale Road,42,,89612,1,,None,,53.487687,-2.233141
Rochdale Road,42,,89613,2,,None,,53.48696,-2.234728
Thompson Street,43,,89614,0,,None,,53.487763,-2.232802
Thompson Street,43,,89615,1,,None,,53.487730000000006,-2.232718
Thompson Street,43,,89616,2,,None,,53.486234,-2.229914
Thompson Street,44,,89617,0,,None,,53.486185,-2.229962
Thompson Street,44,,89618,1,,None,,53.48625799999999,-2.230101
Thompson Street,44,,89619,2,,None,,53.487678,-2.232758
Oldham Road,45,,89620,0,,None,,53.48550899999999,-2.231611
Oldham Road,45,,89621,1,,None,,53.485518000000006,-2.231587
Oldham Road,45,,89622,2,,None,,53.486032,-2.230121
Oldham Road,46,,89623,0,,None,,53.485981,-2.229993
Oldham Road,46,,89624,1,,None,,53.485939,-2.23008
Oldham Road,46,,89625,2,,None,,53.485486,-2.231474
Bromley Street,47,,89626,0,,None,,53.490038,-2.23481
Bromley Street,47,,89627,1,,None,,53.49019200000001,-2.234559
Bromley Street,47,,89628,2,,None,,53.490246,-2.234429
Bromley Street,47,,89629,3,,None,,53.490464,-2.233546
Bromley Street,47,,89630,4,,None,,53.490765,-2.232193
Bromley Street,47,,89631,5,,None,,53.49110200000001,-2.2299
Bromley Street,47,,89632,6,,None,,53.491189,-2.229114
Bromley Street,47,,89633,7,,None,,53.491157,-2.228894
Bromley Street,47,,89634,8,,None,,53.4909,-2.2282990000000003
Livesey Street,48,,89635,0,,None,,53.488425,-2.224026
Livesey Street,48,,89636,1,,None,,53.489035,-2.224951
Livesey Street,48,,89637,2,,None,,53.48978100000001,-2.226172
Livesey Street,48,,89638,3,,None,,53.490352,-2.22706
Livesey Street,48,,89639,4,,None,,53.49079,-2.227736
Oldham Road,49,,89640,0,,None,,53.488136,-2.224117
Oldham Road,49,,89641,1,,None,,53.488127,-2.22416
Oldham Road,49,,89642,2,,None,,53.487366,-2.226089
Oldham Road,49,,89643,3,,None,,53.48685500000001,-2.22756
Oldham Road,49,,89644,4,,None,,53.486166,-2.229468
Addington Street,50,,89645,0,,None,,53.48684100000001,-2.234747
Addington Street,50,,89646,1,,None,,53.48662,-2.234344
Addington Street,50,,89647,2,,None,,53.48604,-2.233187
Addington Street,50,,89648,3,,None,,53.485489,-2.23207
Rochdale Road,51,,89649,0,,None,,53.486739,-2.235144
Rochdale Road,51,,89650,1,,None,,53.48670799999999,-2.2352
Rochdale Road,51,,89651,2,,None,,53.48645,-2.235643
Rochdale Road,52,,89652,0,,None,,53.486711,-2.235109
Rochdale Road,52,,89653,1,,None,,53.486687,-2.235162
Rochdale Road,52,,89654,2,,None,,53.486426,-2.235589
Rochdale Road,53,,89655,0,,None,,53.486521,-2.235774
Rochdale Road,53,,89656,1,,None,,53.486538,-2.23575
Rochdale Road,53,,89657,2,,None,,53.48678,-2.235368
Rochdale Road,54,,89658,0,,None,,53.486485,-2.235719
Rochdale Road,54,,89659,1,,None,,53.48650799999999,-2.23569
Rochdale Road,54,,89660,2,,None,,53.486755,-2.235321
Ludgate Hill,55,,89661,0,,None,,53.489236,-2.234473
Ludgate Hill,55,,89662,1,,None,,53.48893,-2.234087
Ludgate Hill,55,,89663,2,,None,,53.488398,-2.233392
Ludgate Hill,55,,89664,3,,None,,53.488257,-2.233181
Ludgate Hill,55,,89665,4,,None,,53.48804200000001,-2.232896
Miller Street,56,,89666,0,,None,,53.487196,-2.238593
Miller Street,56,,89667,1,,None,,53.487217,-2.23866
Miller Street,56,,89668,2,,None,,53.487557,-2.239516
Miller Street,56,,89669,3,,None,,53.487662,-2.23972
Miller Street,57,,89670,0,,None,,53.48716500000001,-2.238604
Miller Street,57,,89671,1,,None,,53.487187,-2.23868
Miller Street,57,,89672,2,,None,,53.487532,-2.239569
Miller Street,57,,89673,3,,None,,53.487634,-2.239746
Swan Street,58,,89674,0,,None,,53.486427,-2.236238
Swan Street,58,,89675,1,,None,,53.486458,-2.2362900000000003
Swan Street,58,,89676,2,,None,,53.48713299999999,-2.238448
Shudehill,59,,89677,0,,None,,53.486172,-2.235938
Shudehill,59,,89678,1,,None,,53.486068,-2.23616
Shudehill,59,,89679,2,,None,,53.485717,-2.236925
Shudehill,60,,89680,0,,None,,53.485664,-2.237166
Shudehill,60,,89681,1,,None,,53.485708,-2.23706
Shudehill,60,,89682,2,,None,,53.486063,-2.236321
Shudehill,60,,89683,3,,None,,53.486148,-2.236198
Hanover Street,61,,89684,0,,None,,53.486683,-2.240471
Hanover Street,61,,89685,1,,None,,53.48625799999999,-2.239199
Hanover Street,61,,89686,2,,None,,53.485835,-2.237871
Hanover Street,61,,89687,3,,None,,53.48571800000001,-2.23751
Shudehill,62,,89688,0,,None,,53.484988,-2.238486
Shudehill,62,,89689,1,,None,,53.485155000000006,-2.23815
Shudehill,62,,89690,2,,None,,53.485546,-2.237346
Victoria Street,63,,89691,0,,None,,53.486887,-2.244794
Victoria Street,63,,89692,1,,None,,53.487075,-2.244842
Victoria Street,63,,89693,2,,None,,53.488288,-2.245674
Long Millgate,64,,89694,0,,None,,53.48731899999999,-2.240546
Long Millgate,64,,89695,1,,None,,53.487347,-2.24053
Long Millgate,64,,89696,2,,None,,53.487738,-2.24032
Oldham Road,65,,89697,0,,None,,53.48505600000001,-2.232644
Oldham Road,65,,89698,1,,None,,53.485079000000006,-2.2326200000000003
Oldham Road,65,,89699,2,,None,,53.485323,-2.232097
Oldham Road,66,,89700,0,,None,,53.485237,-2.231933
Oldham Road,66,,89701,1,,None,,53.485202,-2.232019
Oldham Road,66,,89702,2,,None,,53.484975,-2.232504
Oldham Road,67,,89703,0,,None,,53.4852,-2.231877
Oldham Road,67,,89704,1,,None,,53.485158,-2.231986
Oldham Road,67,,89705,2,,None,,53.484922,-2.232491
Swan Street,68,,89706,0,,None,,53.484838,-2.232928
Swan Street,68,,89707,1,,None,,53.484848,-2.233071
Swan Street,68,,89708,2,,None,,53.486188,-2.235734
Great Ancoats Street,69,,89709,0,,None,,53.484922,-2.232491
Great Ancoats Street,69,,89710,1,,None,,53.484818,-2.232647
Great Ancoats Street,69,,89711,2,,None,,53.484704,-2.232577
Great Ancoats Street,69,,89712,3,,None,,53.484271,-2.231732
Great Ancoats Street,70,,89713,0,,None,,53.484191,-2.231869
Great Ancoats Street,70,,89714,1,,None,,53.484212,-2.231922
Great Ancoats Street,70,,89715,2,,None,,53.4846,-2.232625
Great Ancoats Street,71,,89716,0,,None,,53.484271,-2.231732
Great Ancoats Street,71,,89717,1,,None,,53.484108,-2.231461
Great Ancoats Street,71,,89718,2,,None,,53.483748,-2.230702
Great Ancoats Street,72,,89719,0,,None,,53.483601,-2.2307240000000004
Great Ancoats Street,72,,89720,1,,None,,53.483623,-2.230785
Great Ancoats Street,72,,89721,2,,None,,53.484191,-2.231869
Great Ancoats Street,73,,89722,0,,None,,53.483448,-2.230184
Great Ancoats Street,73,,89723,1,,None,,53.483429,-2.230164
Great Ancoats Street,73,,89724,2,,None,,53.482723,-2.2288650000000003
Great Ancoats Street,74,,89725,0,,None,,53.482668,-2.229038
Great Ancoats Street,74,,89726,1,,None,,53.482748,-2.229181
Great Ancoats Street,74,,89727,2,,None,,53.483388,-2.230251
Great Ancoats Street,75,,89728,0,,None,,53.482723,-2.2288650000000003
Great Ancoats Street,75,,89729,1,,None,,53.482671,-2.2287790000000003
Great Ancoats Street,75,,89730,2,,None,,53.482298,-2.228151
Great Ancoats Street,76,,89731,0,,None,,53.482298,-2.228151
Great Ancoats Street,76,,89732,1,,None,,53.482223,-2.228022
Great Ancoats Street,76,,89733,2,,None,,53.481939,-2.2275240000000003
Great Ancoats Street,76,,89734,3,,None,,53.481697,-2.226909
Great Ancoats Street,77,,89735,0,,None,,53.482161,-2.2281
Great Ancoats Street,77,,89736,1,,None,,53.48220600000001,-2.2281880000000003
Great Ancoats Street,77,,89737,2,,None,,53.482582,-2.228859
Great Ancoats Street,77,,89738,3,,None,,53.482668,-2.229038
Great Ancoats Street,78,,89739,0,,None,,53.481436,-2.2265900000000003
Great Ancoats Street,78,,89740,1,,None,,53.481566,-2.226992
Great Ancoats Street,78,,89741,2,,None,,53.481603,-2.2271
Great Ancoats Street,78,,89742,3,,None,,53.482161,-2.2281
Great Ancoats Street,79,,89743,0,,None,,53.481697,-2.226909
Great Ancoats Street,79,,89744,1,,None,,53.481508,-2.226467
Great Ancoats Street,79,,89745,2,,None,,53.481448,-2.226255
Great Ancoats Street,79,,89746,3,,None,,53.48129399999999,-2.225756
Great Ancoats Street,79,,89747,4,,None,,53.48114399999999,-2.225284
Great Ancoats Street,79,,89748,5,,None,,53.480916,-2.224774
Great Ancoats Street,80,,89749,0,,None,,53.480573,-2.224396
Great Ancoats Street,80,,89750,1,,None,,53.48078,-2.224777
Great Ancoats Street,80,,89751,2,,None,,53.480833,-2.224874
Great Ancoats Street,80,,89752,3,,None,,53.481211,-2.225971
Great Ancoats Street,80,,89753,4,,None,,53.481436,-2.2265900000000003
Great Ancoats Street,81,,89754,0,,None,,53.480916,-2.224774
Great Ancoats Street,81,,89755,1,,None,,53.480658,-2.224332
Great Ancoats Street,81,,89756,2,,None,,53.480597,-2.2242
Great Ancoats Street,81,,89757,3,,None,,53.48007,-2.223557
Great Ancoats Street,81,,89758,4,,None,,53.479636,-2.2228380000000003
Great Ancoats Street,82,,89759,0,,None,,53.479328,-2.222545
Great Ancoats Street,82,,89760,1,,None,,53.479598,-2.222988
Great Ancoats Street,82,,89761,2,,None,,53.479963,-2.223648
Great Ancoats Street,82,,89762,3,,None,,53.480573,-2.224396
Great Ancoats Street,83,,89763,0,,None,,53.479114,-2.221931
Great Ancoats Street,83,,89764,1,,None,,53.478911,-2.221549
Great Ancoats Street,83,,89765,2,,None,,53.478527,-2.220917
Great Ancoats Street,83,,89766,3,,None,,53.478378,-2.220475
Great Ancoats Street,83,,89767,4,,None,,53.478295,-2.21992
Great Ancoats Street,83,,89768,5,,None,,53.478183,-2.219016
Mancunian Way,84,,89769,0,,None,,53.478107,-2.219268
Mancunian Way,84,,89770,1,,None,,53.478116,-2.219343
Mancunian Way,84,,89771,2,,None,,53.478273,-2.220346
Mancunian Way,84,,89772,3,,None,,53.478391,-2.220791
Mancunian Way,84,,89773,4,,None,,53.478811,-2.221612
Mancunian Way,85,,89774,0,,None,,53.478196,-2.219
Mancunian Way,85,,89775,1,,None,,53.478182,-2.218857
Mancunian Way,85,,89776,2,,None,,53.47814200000001,-2.218613
Mancunian Way,85,,89777,3,,None,,53.477956000000006,-2.21821
Mancunian Way,85,,89778,4,,None,,53.477783,-2.218037
Mancunian Way,85,,89779,5,,None,,53.47750500000001,-2.217894
Mancunian Way,85,,89780,6,,None,,53.477087,-2.217825
Mancunian Way,85,,89781,7,,None,,53.476686,-2.217768
Mancunian Way,85,,89782,8,,None,,53.47658199999999,-2.2177580000000003
Mancunian Way,86,,89783,0,,None,,53.478169,-2.219008
Mancunian Way,86,,89784,1,,None,,53.478113,-2.218651
Mancunian Way,86,,89785,2,,None,,53.477939,-2.21825
Mancunian Way,86,,89786,3,,None,,53.47776500000001,-2.2180880000000003
Mancunian Way,86,,89787,4,,None,,53.47744599999999,-2.21794
Mancunian Way,86,,89788,5,,None,,53.476999,-2.217849
Mancunian Way,86,,89789,6,,None,,53.476579,-2.217827
Mancunian Way,87,,89790,0,,None,,53.476244,-2.218082
Mancunian Way,87,,89791,1,,None,,53.476386,-2.21797
Mancunian Way,87,,89792,2,,None,,53.47658199999999,-2.217946
Mancunian Way,87,,89793,3,,None,,53.477141,-2.2180470000000003
Mancunian Way,87,,89794,4,,None,,53.47756999999999,-2.218195
Mancunian Way,87,,89795,5,,None,,53.477812,-2.21833
Mancunian Way,87,,89796,6,,None,,53.477941,-2.218564
Mancunian Way,88,,89797,0,,None,,53.477151,-2.218053
Mancunian Way,88,,89798,1,,None,,53.477359,-2.218058
Mancunian Way,88,,89799,2,,None,,53.477558,-2.21807
Mancunian Way,88,,89800,3,,None,,53.47787,-2.218259
Mancunian Way,88,,89801,4,,None,,53.478003,-2.218506
Mancunian Way,88,,89802,5,,None,,53.478067,-2.218605
Mancunian Way,88,,89803,6,,None,,53.478179,-2.218621
Mancunian Way,88,,89804,7,,None,,53.478239,-2.21857
Every Street,89,,89805,0,,None,,53.478239,-2.21857
Every Street,89,,89806,1,,None,,53.478271,-2.218522
Every Street,89,,89807,2,,None,,53.478646,-2.217962
Every Street,90,,89808,0,,None,,53.478621,-2.217902
Every Street,90,,89809,1,,None,,53.478614,-2.217909
Every Street,90,,89810,2,,None,,53.478202,-2.218468
Pin Mill Brow,91,,89811,0,,None,,53.476305,-2.217626
Pin Mill Brow,91,,89812,1,,None,,53.476238,-2.217594
Pin Mill Brow,91,,89813,2,,None,,53.476019,-2.217465
Pin Mill Brow,91,,89814,3,,None,,53.47550500000001,-2.216926
Pin Mill Brow,92,,89815,0,,None,,53.475264,-2.216871
Pin Mill Brow,92,,89816,1,,None,,53.475497,-2.217083
Pin Mill Brow,92,,89817,2,,None,,53.475667,-2.217318
Pin Mill Brow,92,,89818,3,,None,,53.475963,-2.217628
Pin Mill Brow,92,,89819,4,,None,,53.47617,-2.217767
Mancunian Way,93,,89820,0,,None,,53.476579,-2.217827
Mancunian Way,93,,89821,1,,None,,53.476324,-2.21783
Mancunian Way,93,,89822,2,,None,,53.47618000000001,-2.217975
Mancunian Way,93,,89823,3,,None,,53.476153,-2.218053
Mancunian Way,93,,89824,4,,None,,53.476108,-2.21816
Ashton Old Road,94,,89825,0,,None,,53.475364,-2.217239
Ashton Old Road,94,,89826,1,,None,,53.47532800000001,-2.216407
Ashton Old Road,94,,89827,2,,None,,53.475235,-2.214416
Ashton Old Road,95,,89828,0,,None,,53.47516,-2.214043
Ashton Old Road,95,,89829,1,,None,,53.475179,-2.214421
Ashton Old Road,95,,89830,2,,None,,53.475203,-2.216111
Ashton Old Road,95,,89831,3,,None,,53.475227,-2.216392
Fairfield Street,96,,89832,0,,None,,53.475227,-2.216392
Fairfield Street,96,,89833,1,,None,,53.475249,-2.217109
Fairfield Street,96,,89834,2,,None,,53.475368,-2.219071
Fairfield Street,97,,89835,0,,None,,53.475434,-2.2191110000000003
Fairfield Street,97,,89836,1,,None,,53.47543100000001,-2.21904
Fairfield Street,97,,89837,2,,None,,53.475364,-2.217239
Chancellor Lane,98,,89838,0,,None,,53.471024,-2.215747
Chancellor Lane,98,,89839,1,,None,,53.471387,-2.215796
Chancellor Lane,98,,89840,2,,None,,53.471603,-2.215871
Chancellor Lane,98,,89841,3,,None,,53.472007,-2.216087
Chancellor Lane,98,,89842,4,,None,,53.47251800000001,-2.216245
Chancellor Lane,98,,89843,5,,None,,53.47286500000001,-2.216308
Chancellor Lane,98,,89844,6,,None,,53.473907,-2.216435
Chancellor Lane,98,,89845,7,,None,,53.474344,-2.216528
Chancellor Lane,98,,89846,8,,None,,53.475051,-2.2167
Chancellor Lane,98,,89847,9,,None,,53.475264,-2.216871
Ashton Old Road,99,,89848,0,,None,,53.474887,-2.208912
Ashton Old Road,99,,89849,1,,None,,53.474978,-2.210666
Ashton Old Road,99,,89850,2,,None,,53.47503,-2.211817
Ashton Old Road,99,,89851,3,,None,,53.47516,-2.214043
Mancunian Way,100,,89852,0,,None,,53.475333,-2.219738
Mancunian Way,100,,89853,1,,None,,53.475492,-2.219535
Mancunian Way,100,,89854,2,,None,,53.47555600000001,-2.219442
Mancunian Way,100,,89855,3,,None,,53.475913,-2.218882
Mancunian Way,100,,89856,4,,None,,53.476185,-2.2182
Mancunian Way,100,,89857,5,,None,,53.476244,-2.218082
Fairfield Street,101,,89858,0,,None,,53.476218,-2.228095
Fairfield Street,101,,89859,1,,None,,53.476113,-2.226915
Fairfield Street,101,,89860,2,,None,,53.47599,-2.225472
Fairfield Street,101,,89861,3,,None,,53.475749,-2.222859
Fairfield Street,101,,89862,4,,None,,53.475605,-2.221223
Fairfield Street,101,,89863,5,,None,,53.475522,-2.220259
Fairfield Street,101,,89864,6,,None,,53.47548000000001,-2.219794
Mancunian Way,102,,89865,0,,None,,53.475516000000006,-2.261832
Mancunian Way,102,,89866,1,,None,,53.475352,-2.261531
Mancunian Way,102,,89867,2,,None,,53.474901,-2.261156
Mancunian Way,102,,89868,3,,None,,53.473236,-2.259686
Mancunian Way,102,,89869,4,,None,,53.472655,-2.258742
Mancunian Way,102,,89870,5,,None,,53.47155400000001,-2.25665
Mancunian Way,102,,89871,6,,None,,53.47108100000001,-2.254643
Mancunian Way,102,,89872,7,,None,,53.47089,-2.25165
Mancunian Way,102,,89873,8,,None,,53.470474,-2.2469080000000003
Mancunian Way,102,,89874,9,,None,,53.470289,-2.244687
Mancunian Way,102,,89875,10,,None,,53.47034300000001,-2.243679
Mancunian Way,102,,89876,11,,None,,53.47057,-2.242021
Mancunian Way,102,,89877,12,,None,,53.471126,-2.240197
Mancunian Way,102,,89878,13,,None,,53.47145500000001,-2.239162
Mancunian Way,102,,89879,14,,None,,53.47184100000001,-2.23722
Mancunian Way,102,,89880,15,,None,,53.472026,-2.235482
Mancunian Way,102,,89881,16,,None,,53.472486,-2.2338400000000003
Mancunian Way,102,,89882,17,,None,,53.473501,-2.231673
Mancunian Way,102,,89883,18,,None,,53.473897,-2.230568
Mancunian Way,102,,89884,19,,None,,53.474038,-2.229752
Mancunian Way,102,,89885,20,,None,,53.474025,-2.228626
Mancunian Way,102,,89886,21,,None,,53.47371800000001,-2.226523
Mancunian Way,102,,89887,22,,None,,53.473559,-2.225268
Mancunian Way,102,,89888,23,,None,,53.473533,-2.222532
Mancunian Way,102,,89889,24,,None,,53.473629,-2.221931
Mancunian Way,102,,89890,25,,None,,53.473821,-2.221384
Mancunian Way,102,,89891,26,,None,,53.474097,-2.2209950000000003
Mancunian Way,102,,89892,27,,None,,53.474664,-2.2204080000000004
Mancunian Way,102,,89893,28,,None,,53.475333,-2.219738
Newton Street,103,,89894,0,,None,,53.48212,-2.232601
Newton Street,103,,89895,1,,None,,53.482171,-2.23254
Newton Street,103,,89896,2,,None,,53.48283000000001,-2.231603
Newton Street,103,,89897,3,,None,,53.48343000000001,-2.2307810000000003
Lever Street,104,,89898,0,,None,,53.482708,-2.23362
Lever Street,104,,89899,1,,None,,53.483454,-2.232555
Lever Street,104,,89900,2,,None,,53.484001,-2.231807
Laystall Street,105,,89901,0,,None,,53.481009,-2.228476
Laystall Street,105,,89902,1,,None,,53.481184,-2.227908
Laystall Street,105,,89903,2,,None,,53.48145400000001,-2.2270060000000003
Store Street,106,,89904,0,,None,,53.477736,-2.232048
Store Street,106,,89905,1,,None,,53.47836700000001,-2.230445
Store Street,106,,89906,2,,None,,53.479053,-2.228723
Store Street,106,,89907,3,,None,,53.480113,-2.226019
Store Street,106,,89908,4,,None,,53.48033100000001,-2.225517
Store Street,106,,89909,5,,None,,53.480642,-2.224785
Adair Street,107,,89910,0,,None,,53.476073,-2.228036
Adair Street,107,,89911,1,,None,,53.476123,-2.227821
Adair Street,107,,89912,2,,None,,53.47623000000001,-2.227545
Adair Street,107,,89913,3,,None,,53.476873,-2.225764
Adair Street,107,,89914,4,,None,,53.47743000000001,-2.224251
Adair Street,107,,89915,5,,None,,53.477938,-2.22349
Adair Street,107,,89916,6,,None,,53.478522,-2.222575
Adair Street,107,,89917,7,,None,,53.478597,-2.222473
Adair Street,107,,89918,8,,None,,53.478897,-2.222025
Ancoats Grove,108,,89919,0,,None,,53.478222,-2.216021
Ancoats Grove,108,,89920,1,,None,,53.47852,-2.217105
Ancoats Grove,108,,89921,2,,None,,53.478593,-2.2173380000000003
Ancoats Grove,108,,89922,3,,None,,53.478616,-2.217455
Ancoats Grove,108,,89923,4,,None,,53.47862900000001,-2.217519
Every Street,109,,89924,0,,None,,53.480898,-2.215325
Every Street,109,,89925,1,,None,,53.480104,-2.216202
Every Street,109,,89926,2,,None,,53.479215,-2.217221
Every Street,109,,89927,3,,None,,53.47891600000001,-2.217575
Pollard Street,110,,89928,0,,None,,53.482089,-2.21687
Pollard Street,110,,89929,1,,None,,53.48149100000001,-2.217701
Pollard Street,110,,89930,2,,None,,53.48090500000001,-2.218959
Pollard Street,110,,89931,3,,None,,53.480259,-2.220392
Pollard Street,110,,89932,4,,None,,53.47963299999999,-2.222004
Pollard Street,110,,89933,5,,None,,53.47953100000001,-2.222326
Blackfriars Street,111,,89934,0,,None,,53.48472,-2.24929
Blackfriars Street,111,,89935,1,,None,,53.485114,-2.249982
Blackfriars Street,111,,89936,2,,None,,53.485553,-2.250668
Blackfriars Street,111,,89937,3,,None,,53.486024,-2.251999
Blackfriars Street,111,,89938,4,,None,,53.486112,-2.2522330000000004
Blackfriars Street,111,,89939,5,,None,,53.48662,-2.253318
William Street,112,,89940,0,,None,,53.484913,-2.254024
William Street,112,,89941,1,,None,,53.484933,-2.254059
William Street,112,,89942,2,,None,,53.484962,-2.254228
William Street,112,,89943,3,,None,,53.484844,-2.254555
William Street,112,,89944,4,,None,,53.48493000000001,-2.25485
William Street,112,,89945,5,,None,,53.484997,-2.254938
William Street,112,,89946,6,,None,,53.48530699999999,-2.2554
Trinity Way,113,,89947,0,,None,,53.48474399999999,-2.256502
Trinity Way,113,,89948,1,,None,,53.484764,-2.256485
Trinity Way,113,,89949,2,,None,,53.485393,-2.2557810000000003
,114,,89950,0,,None,,53.48556899999999,-2.25533
,114,,89951,1,,None,,53.485063,-2.255979
,114,,89952,2,,None,,53.48475500000001,-2.256314
Trinity Way,115,,89953,0,,None,,53.48475500000001,-2.256314
Trinity Way,115,,89954,1,,None,,53.484638,-2.256444
Trinity Way,115,,89955,2,,None,,53.48376800000001,-2.257143
Trinity Way,115,,89956,3,,None,,53.483562,-2.2572240000000003
Trinity Way,116,,89957,0,,None,,53.483138,-2.257406
Trinity Way,116,,89958,1,,None,,53.483114,-2.257427
Trinity Way,116,,89959,2,,None,,53.482852,-2.257556
Trinity Way,116,,89960,3,,None,,53.482584,-2.257546
Trinity Way,116,,89961,4,,None,,53.482432,-2.2575
Trinity Way,116,,89962,5,,None,,53.482236,-2.257352
Trinity Way,116,,89963,6,,None,,53.481837,-2.256883
Trinity Way,116,,89964,7,,None,,53.481751,-2.256797
Trinity Way,117,,89965,0,,None,,53.481596,-2.256934
Trinity Way,117,,89966,1,,None,,53.48178000000001,-2.257113
Trinity Way,117,,89967,2,,None,,53.482191,-2.257591
Trinity Way,117,,89968,3,,None,,53.48250899999999,-2.257843
Trinity Way,117,,89969,4,,None,,53.48278199999999,-2.257838
Trinity Way,117,,89970,5,,None,,53.483002,-2.257723
Trinity Way,117,,89971,6,,None,,53.483165,-2.257618
Trinity Way,118,,89972,0,,None,,53.48163100000001,-2.256544
Trinity Way,118,,89973,1,,None,,53.481715,-2.256159
Trinity Way,118,,89974,2,,None,,53.48184499999999,-2.255824
Trinity Way,118,,89975,3,,None,,53.481898,-2.255878
Trinity Way,118,,89976,4,,None,,53.48190699999999,-2.255892
Chapel Street,119,,89977,0,,None,,53.48340400000001,-2.257146
Chapel Street,119,,89978,1,,None,,53.483411,-2.256824
Chapel Street,119,,89979,2,,None,,53.483465,-2.256022
Chapel Street,119,,89980,3,,None,,53.483499,-2.25538
Chapel Street,120,,89981,0,,None,,53.483459,-2.255172
Chapel Street,120,,89982,1,,None,,53.483448,-2.255388
Chapel Street,120,,89983,2,,None,,53.483412,-2.256328
Chapel Street,120,,89984,3,,None,,53.483344,-2.257006
New Bailey Street,121,,89985,0,,None,,53.48365500000001,-2.255199
New Bailey Street,121,,89986,1,,None,,53.483351,-2.254835
New Bailey Street,121,,89987,2,,None,,53.482724,-2.2541740000000003
New Bailey Street,122,,89988,0,,None,,53.482696,-2.254249
New Bailey Street,122,,89989,1,,None,,53.482728,-2.254298
New Bailey Street,122,,89990,2,,None,,53.483258,-2.2548470000000003
Chapel Street,123,,89991,0,,None,,53.484035,-2.2525060000000003
Chapel Street,123,,89992,1,,None,,53.48393000000001,-2.252844
Chapel Street,123,,89993,2,,None,,53.48390799999999,-2.2530080000000003
Chapel Street,123,,89994,3,,None,,53.483553,-2.254622
New Bailey Street,124,,89995,0,,None,,53.482684,-2.253973
New Bailey Street,124,,89996,1,,None,,53.482836,-2.253546
New Bailey Street,124,,89997,2,,None,,53.482888,-2.253378
New Bailey Street,124,,89998,3,,None,,53.483064,-2.252798
New Bailey Street,124,,89999,4,,None,,53.48317700000001,-2.252456
New Bailey Street,125,,90000,0,,None,,53.482299,-2.254623
New Bailey Street,125,,90001,1,,None,,53.48234300000001,-2.254512
New Bailey Street,125,,90002,2,,None,,53.482457,-2.254182
Chapel Street,126,,90003,0,,None,,53.483287,-2.257712
Chapel Street,126,,90004,1,,None,,53.483288,-2.257923
Chapel Street,126,,90005,2,,None,,53.483294,-2.258997
Chapel Street,127,,90006,0,,None,,53.483384,-2.2589930000000003
Chapel Street,127,,90007,1,,None,,53.483388,-2.258937
Chapel Street,127,,90008,2,,None,,53.48339,-2.257756
Chapel Street,128,,90009,0,,None,,53.483294,-2.258997
Chapel Street,128,,90010,1,,None,,53.483305,-2.259198
Chapel Street,128,,90011,2,,None,,53.48331500000001,-2.260391
Chapel Street,128,,90012,3,,None,,53.483277,-2.261802
Chapel Street,128,,90013,4,,None,,53.483288,-2.262211
Chapel Street,128,,90014,5,,None,,53.483288,-2.262655
Chapel Street,129,,90015,0,,None,,53.48332900000001,-2.262655
Chapel Street,129,,90016,1,,None,,53.483328,-2.262587
Chapel Street,129,,90017,2,,None,,53.48334499999999,-2.26212
Chapel Street,129,,90018,3,,None,,53.48335400000001,-2.261632
Chapel Street,129,,90019,4,,None,,53.483364,-2.260847
Chapel Street,129,,90020,5,,None,,53.483376,-2.259147
Chapel Street,129,,90021,6,,None,,53.483384,-2.2589930000000003
St Philip's Place,130,,90022,0,,None,,53.483753,-2.262988
St Philip's Place,130,,90023,1,,None,,53.48361800000001,-2.262977
St Philip's Place,130,,90024,2,,None,,53.48343199999999,-2.262976
Chapel Street,131,,90025,0,,None,,53.483305,-2.264268
Chapel Street,131,,90026,1,,None,,53.483308,-2.264217
Chapel Street,131,,90027,2,,None,,53.48331500000001,-2.263229
Chapel Street,131,,90028,3,,None,,53.48332900000001,-2.262655
Chapel Street,132,,90029,0,,None,,53.483288,-2.262655
Chapel Street,132,,90030,1,,None,,53.483252,-2.26305
Chapel Street,132,,90031,2,,None,,53.483238,-2.263277
Chapel Street,132,,90032,3,,None,,53.483227,-2.264022
Crescent,133,,90033,0,,None,,53.483227,-2.264022
Crescent,133,,90034,1,,None,,53.483214,-2.265014
Crescent,133,,90035,2,,None,,53.48321,-2.2651830000000004
Crescent,133,,90036,3,,None,,53.48321,-2.265906
Crescent,133,,90037,4,,None,,53.48309,-2.267016
Crescent,133,,90038,5,,None,,53.483074,-2.2676830000000003
Crescent,133,,90039,6,,None,,53.483099,-2.268317
Crescent,133,,90040,7,,None,,53.483285,-2.269237
Crescent,133,,90041,8,,None,,53.483614,-2.27008
Crescent,133,,90042,9,,None,,53.48374499999999,-2.270454
Adelphi Street,134,,90043,0,,None,,53.485564,-2.264686
Adelphi Street,134,,90044,1,,None,,53.48465699999999,-2.264717
Adelphi Street,134,,90045,2,,None,,53.484201,-2.264734
Adelphi Street,134,,90046,3,,None,,53.483507,-2.264774
Oldfield Road,135,,90047,0,,None,,53.483226,-2.264334
Oldfield Road,135,,90048,1,,None,,53.482998,-2.264367
Oldfield Road,135,,90049,2,,None,,53.482629,-2.264374
Oldfield Road,135,,90050,3,,None,,53.48235699999999,-2.264482
Oldfield Road,135,,90051,4,,None,,53.48113000000001,-2.265184
Oldfield Road,135,,90052,5,,None,,53.480763,-2.26545
Oldfield Road,135,,90053,6,,None,,53.479812,-2.266593
Oldfield Road,136,,90054,0,,None,,53.479436,-2.267176
Oldfield Road,136,,90055,1,,None,,53.479944,-2.266534
Oldfield Road,136,,90056,2,,None,,53.480836,-2.265533
Oldfield Road,136,,90057,3,,None,,53.48163100000001,-2.264991
Oldfield Road,136,,90058,4,,None,,53.482437,-2.264554
Oldfield Road,136,,90059,5,,None,,53.48271800000001,-2.264517
Oldfield Road,136,,90060,6,,None,,53.48305,-2.264492
Oldfield Road,137,,90061,0,,None,,53.482629,-2.264517
Oldfield Road,137,,90062,1,,None,,53.482673,-2.264455
Oldfield Road,137,,90063,2,,None,,53.48271800000001,-2.264457
Oldfield Road,137,,90064,3,,None,,53.48305,-2.264442
Liverpool Street,138,,90065,0,,None,,53.48036,-2.271179
Liverpool Street,138,,90066,1,,None,,53.480065,-2.2694330000000003
Liverpool Street,138,,90067,2,,None,,53.47999100000001,-2.268987
Liverpool Street,138,,90068,3,,None,,53.479797,-2.267786
Liverpool Street,138,,90069,4,,None,,53.479711,-2.267278
Middlewood Street,139,,90070,0,,None,,53.479711,-2.267278
Middlewood Street,139,,90071,1,,None,,53.479575,-2.266767
Middlewood Street,139,,90072,2,,None,,53.47951800000001,-2.266636
Middlewood Street,139,,90073,3,,None,,53.479159,-2.265565
Middlewood Street,139,,90074,4,,None,,53.47889,-2.264707
Middlewood Street,139,,90075,5,,None,,53.478822,-2.264235
Middlewood Street,139,,90076,6,,None,,53.478801,-2.263446
Middlewood Street,139,,90077,7,,None,,53.47881999999999,-2.2630790000000003
Middlewood Street,139,,90078,8,,None,,53.478871,-2.262474
Middlewood Street,139,,90079,9,,None,,53.478903,-2.262396
Middlewood Street,140,,90080,0,,None,,53.478821,-2.261773
Middlewood Street,140,,90081,1,,None,,53.47878000000001,-2.262294
Middlewood Street,140,,90082,2,,None,,53.47876700000001,-2.26242
Middlewood Street,140,,90083,3,,None,,53.478746,-2.263402
Middlewood Street,140,,90084,4,,None,,53.478771,-2.264206
Middlewood Street,140,,90085,5,,None,,53.478846,-2.2647150000000003
Middlewood Street,140,,90086,6,,None,,53.47916,-2.26582
Middlewood Street,140,,90087,7,,None,,53.479468,-2.26662
Middlewood Street,141,,90088,0,,None,,53.478766,-2.262583
Middlewood Street,141,,90089,1,,None,,53.478774,-2.263011
Middlewood Street,141,,90090,2,,None,,53.478782,-2.263072
Middlewood Street,141,,90091,3,,None,,53.478791,-2.263155
Middlewood Street,141,,90092,4,,None,,53.478801,-2.263446
East Ordsall Lane,142,,90093,0,,None,,53.48121999999999,-2.261975
East Ordsall Lane,142,,90094,1,,None,,53.48113000000001,-2.26216
East Ordsall Lane,142,,90095,2,,None,,53.48104100000001,-2.262235
East Ordsall Lane,142,,90096,3,,None,,53.480209,-2.262218
East Ordsall Lane,142,,90097,4,,None,,53.47979100000001,-2.262121
East Ordsall Lane,142,,90098,5,,None,,53.479601,-2.26214
East Ordsall Lane,142,,90099,6,,None,,53.479380000000006,-2.262194
East Ordsall Lane,142,,90100,7,,None,,53.479108,-2.262115
,143,,90101,0,,None,,53.478899,-2.262297
,143,,90102,1,,None,,53.47890500000001,-2.26196
,143,,90103,2,,None,,53.478895,-2.261702
,143,,90104,3,,None,,53.47885,-2.261462
,143,,90105,4,,None,,53.478701,-2.261047
,143,,90106,5,,None,,53.47863,-2.26079
,143,,90107,6,,None,,53.478614,-2.260686
Hampson Street,144,,90108,0,,None,,53.478528,-2.260796
Hampson Street,144,,90109,1,,None,,53.478548,-2.260823
Hampson Street,144,,90110,2,,None,,53.47865600000001,-2.261051
Hampson Street,144,,90111,3,,None,,53.478748,-2.261344
Hampson Street,144,,90112,4,,None,,53.478816,-2.261625
Hampson Street,144,,90113,5,,None,,53.478821,-2.261773
Trinity Way,145,,90114,0,,None,,53.478516000000006,-2.260438
Trinity Way,145,,90115,1,,None,,53.478621,-2.260226
Trinity Way,145,,90116,2,,None,,53.478798,-2.259944
Trinity Way,145,,90117,3,,None,,53.479261,-2.2593240000000003
Trinity Way,145,,90118,4,,None,,53.479612,-2.25893
Trinity Way,145,,90119,5,,None,,53.480063,-2.258641
Trinity Way,145,,90120,6,,None,,53.480812,-2.258291
Trinity Way,145,,90121,7,,None,,53.481092,-2.257994
Trinity Way,145,,90122,8,,None,,53.481301,-2.25768
Trinity Way,145,,90123,9,,None,,53.481502,-2.257245
Trinity Way,145,,90124,10,,None,,53.481531,-2.257181
Trinity Way,146,,90125,0,,None,,53.481092,-2.257994
Trinity Way,146,,90126,1,,None,,53.481124,-2.257851
Trinity Way,146,,90127,2,,None,,53.481168,-2.257786
Trinity Way,146,,90128,3,,None,,53.481339,-2.2574970000000003
Trinity Way,146,,90129,4,,None,,53.481483,-2.257154
Trinity Way,146,,90130,5,,None,,53.48150500000001,-2.257103
Trinity Way,147,,90131,0,,None,,53.481483,-2.256888
Trinity Way,147,,90132,1,,None,,53.48131400000001,-2.257346
Trinity Way,147,,90133,2,,None,,53.481103,-2.25776
Trinity Way,147,,90134,3,,None,,53.48086800000001,-2.25805
Trinity Way,147,,90135,4,,None,,53.48063000000001,-2.258251
Trinity Way,147,,90136,5,,None,,53.480397,-2.258366
Trinity Way,147,,90137,6,,None,,53.480168000000006,-2.258409
Trinity Way,147,,90138,7,,None,,53.479436,-2.2587770000000003
Trinity Way,147,,90139,8,,None,,53.479237,-2.25897
Trinity Way,147,,90140,9,,None,,53.479034,-2.259351
Trinity Way,147,,90141,10,,None,,53.478919,-2.259595
Trinity Way,147,,90142,11,,None,,53.478795,-2.259746
Trinity Way,147,,90143,12,,None,,53.478530000000006,-2.260157
Trinity Way,147,,90144,13,,None,,53.478478,-2.260256
Trinity Way,148,,90145,0,,None,,53.481452,-2.256852
Trinity Way,148,,90146,1,,None,,53.48129100000001,-2.257315
Trinity Way,148,,90147,2,,None,,53.48108000000001,-2.257721
Trinity Way,148,,90148,3,,None,,53.480826,-2.258026
Trinity Way,148,,90149,4,,None,,53.48052,-2.25824
Trinity Way,148,,90150,5,,None,,53.480176,-2.258362
Trinity Way,148,,90151,6,,None,,53.480004,-2.2583900000000003
Trinity Way,148,,90152,7,,None,,53.479448,-2.258718
Trinity Way,148,,90153,8,,None,,53.47920799999999,-2.258944
Trinity Way,148,,90154,9,,None,,53.478911,-2.259526
Trinity Way,148,,90155,10,,None,,53.478841,-2.259628
Trinity Way,148,,90156,11,,None,,53.478613,-2.259931
Trinity Way,148,,90157,12,,None,,53.478459,-2.260222
New Quay Street,149,,90158,0,,None,,53.480858,-2.256194
New Quay Street,149,,90159,1,,None,,53.480983,-2.256312
New Quay Street,149,,90160,2,,None,,53.48118,-2.25655
New Quay Street,149,,90161,3,,None,,53.481349,-2.256724
Trinity Way,150,,90162,0,,None,,53.47826600000001,-2.260605
Trinity Way,150,,90163,1,,None,,53.478244,-2.260656
Trinity Way,150,,90164,2,,None,,53.478001,-2.261125
Trinity Way,150,,90165,3,,None,,53.47776,-2.261456
Trinity Way,150,,90166,4,,None,,53.477428,-2.261585
Trinity Way,150,,90167,5,,None,,53.476911,-2.261521
Trinity Way,150,,90168,6,,None,,53.476497,-2.261389
Trinity Way,151,,90169,0,,None,,53.476497,-2.261389
Trinity Way,151,,90170,1,,None,,53.476164,-2.261272
Trinity Way,151,,90171,2,,None,,53.47594300000001,-2.261228
Trinity Way,151,,90172,3,,None,,53.475672,-2.261333
Trinity Way,151,,90173,4,,None,,53.475498,-2.261488
Trinity Way,151,,90174,5,,None,,53.475447,-2.261564
Water Street,152,,90175,0,,None,,53.477259,-2.259139
Water Street,152,,90176,1,,None,,53.476732,-2.259917
Water Street,152,,90177,2,,None,,53.476562,-2.260217
Water Street,152,,90178,3,,None,,53.476408,-2.260676
Water Street,152,,90179,4,,None,,53.476301,-2.261113
Trinity Way,153,,90180,0,,None,,53.47551,-2.261684
Trinity Way,153,,90181,1,,None,,53.475673,-2.261498
Trinity Way,153,,90182,2,,None,,53.47594399999999,-2.261384
Trinity Way,153,,90183,3,,None,,53.476199,-2.261478
Trinity Way,154,,90184,0,,None,,53.476199,-2.261478
Trinity Way,154,,90185,1,,None,,53.476486,-2.261581
Trinity Way,154,,90186,2,,None,,53.477307,-2.261727
Trinity Way,154,,90187,3,,None,,53.477561,-2.261743
Trinity Way,154,,90188,4,,None,,53.477875,-2.261572
Trinity Way,154,,90189,5,,None,,53.478072,-2.261287
Trinity Way,154,,90190,6,,None,,53.47831,-2.260837
Regent Road,155,,90191,0,,None,,53.47564200000001,-2.262859
Regent Road,155,,90192,1,,None,,53.475628,-2.262767
Regent Road,155,,90193,2,,None,,53.475466,-2.262111
Regent Road,155,,90194,3,,None,,53.47543,-2.262022
Regent Road,156,,90195,0,,None,,53.475684,-2.262859
Regent Road,156,,90196,1,,None,,53.475678,-2.262747
Regent Road,156,,90197,2,,None,,53.47565,-2.262293
Regent Road,156,,90198,3,,None,,53.475638,-2.262038
Trinity Way,157,,90199,0,,None,,53.475122,-2.261679
Trinity Way,157,,90200,1,,None,,53.475313,-2.262017
Trinity Way,157,,90201,2,,None,,53.47535300000001,-2.262124
Trinity Way,157,,90202,3,,None,,53.475466,-2.262433
Regent Road,158,,90203,0,,None,,53.475466,-2.262433
Regent Road,158,,90204,1,,None,,53.47554,-2.262741
Regent Road,158,,90205,2,,None,,53.475552,-2.262846
Regent Road,158,,90206,3,,None,,53.475695,-2.26375
Regent Road,158,,90207,4,,None,,53.475874,-2.264884
Regent Road,159,,90208,0,,None,,53.476004,-2.264908
Regent Road,159,,90209,1,,None,,53.47594399999999,-2.2646
Regent Road,159,,90210,2,,None,,53.475735,-2.263235
Regent Road,159,,90211,3,,None,,53.475684,-2.262859
Ordsall Lane,160,,90212,0,,None,,53.475874,-2.264884
Ordsall Lane,160,,90213,1,,None,,53.475977,-2.26559
Ordsall Lane,160,,90214,2,,None,,53.475998,-2.265679
Ordsall Lane,160,,90215,3,,None,,53.476175,-2.266866
Ordsall Lane,160,,90216,4,,None,,53.476472,-2.26867
Regent Road,161,,90217,0,,None,,53.476472,-2.26867
Regent Road,161,,90218,1,,None,,53.476573,-2.269278
Regent Road,161,,90219,2,,None,,53.476614,-2.269477
Regent Road,161,,90220,3,,None,,53.47689200000001,-2.271048
Regent Road,161,,90221,4,,None,,53.47711700000001,-2.272354
Regent Road,162,,90222,0,,None,,53.47711700000001,-2.272354
Regent Road,162,,90223,1,,None,,53.477153,-2.272519
Regent Road,162,,90224,2,,None,,53.477388,-2.273878
Regent Road,162,,90225,3,,None,,53.47773299999999,-2.27593
Regent Road,163,,90226,0,,None,,53.477904,-2.276192
Regent Road,163,,90227,1,,None,,53.477876,-2.276018
Regent Road,163,,90228,2,,None,,53.477266,-2.272601
Regent Road,164,,90229,0,,None,,53.477266,-2.272601
Regent Road,164,,90230,1,,None,,53.477246,-2.272402
Regent Road,164,,90231,2,,None,,53.476726,-2.269438
Regent Road,165,,90232,0,,None,,53.476726,-2.269438
Regent Road,165,,90233,1,,None,,53.47655200000001,-2.268514
Regent Road,165,,90234,2,,None,,53.476312,-2.266896
Regent Road,165,,90235,3,,None,,53.476004,-2.264908
Oldfield Road,166,,90236,0,,None,,53.476664,-2.269107
Oldfield Road,166,,90237,1,,None,,53.476763,-2.269073
Oldfield Road,166,,90238,2,,None,,53.477952,-2.268612
Oldfield Road,166,,90239,3,,None,,53.478202,-2.268457
Oldfield Road,166,,90240,4,,None,,53.478951,-2.267735
Oldfield Road,166,,90241,5,,None,,53.47920500000001,-2.267469
Oldfield Road,166,,90242,6,,None,,53.479436,-2.267176
Oldfield Road,167,,90243,0,,None,,53.479812,-2.266593
Oldfield Road,167,,90244,1,,None,,53.479211,-2.26733
Oldfield Road,167,,90245,2,,None,,53.478364,-2.268198
Oldfield Road,167,,90246,3,,None,,53.478064,-2.268425
Oldfield Road,167,,90247,4,,None,,53.477487,-2.268709
Oldfield Road,167,,90248,5,,None,,53.476803,-2.26895
Oldfield Road,168,,90249,0,,None,,53.472674,-2.270616
Oldfield Road,168,,90250,1,,None,,53.47276700000001,-2.270621
Oldfield Road,168,,90251,2,,None,,53.474571,-2.269508
Oldfield Road,168,,90252,3,,None,,53.474906,-2.269304
Oldfield Road,168,,90253,4,,None,,53.47509399999999,-2.269245
Oldfield Road,168,,90254,5,,None,,53.475271,-2.269229
Oldfield Road,168,,90255,6,,None,,53.476415,-2.269157
Ordsall Lane,169,,90256,0,,None,,53.46928000000001,-2.276297
Ordsall Lane,169,,90257,1,,None,,53.469933,-2.2751490000000003
Ordsall Lane,169,,90258,2,,None,,53.471008,-2.273391
Ordsall Lane,169,,90259,3,,None,,53.47173100000001,-2.272161
Ordsall Lane,169,,90260,4,,None,,53.472371,-2.271045
Ordsall Lane,169,,90261,5,,None,,53.472674,-2.270576
Ordsall Lane,169,,90262,6,,None,,53.473121,-2.269324
Ordsall Lane,169,,90263,7,,None,,53.473354,-2.26876
Ordsall Lane,169,,90264,8,,None,,53.473936,-2.267837
Ordsall Lane,169,,90265,9,,None,,53.474482,-2.267094
Ordsall Lane,169,,90266,10,,None,,53.47522900000001,-2.2661130000000003
Ordsall Lane,169,,90267,11,,None,,53.47534200000001,-2.265964
Ordsall Lane,169,,90268,12,,None,,53.475838,-2.265364
Ordsall Lane,170,,90269,0,,None,,53.474699,-2.26681
Ordsall Lane,170,,90270,1,,None,,53.47496,-2.266552
Ordsall Lane,170,,90271,2,,None,,53.47535799999999,-2.266006
Ordsall Lane,170,,90272,3,,None,,53.475747,-2.265516
Ordsall Lane,170,,90273,4,,None,,53.475838,-2.2655
Ordsall Lane,171,,90274,0,,None,,53.477776,-2.262972
Ordsall Lane,171,,90275,1,,None,,53.477369,-2.2634060000000003
Ordsall Lane,171,,90276,2,,None,,53.47718199999999,-2.26375
Ordsall Lane,171,,90277,3,,None,,53.476932,-2.264248
Ordsall Lane,171,,90278,4,,None,,53.47676800000001,-2.264396
Ordsall Lane,171,,90279,5,,None,,53.47675699999999,-2.264409
Ordsall Lane,171,,90280,6,,None,,53.476114,-2.264867
Ordsall Lane,172,,90281,0,,None,,53.477534,-2.263288
Ordsall Lane,172,,90282,1,,None,,53.477834,-2.262966
Ordsall Lane,172,,90283,2,,None,,53.477918,-2.262897
Ordsall Lane,172,,90284,3,,None,,53.478528,-2.262223
Ordsall Lane,172,,90285,4,,None,,53.478628,-2.262144
Ordsall Lane,172,,90286,5,,None,,53.478695,-2.262143
Water Street,173,,90287,0,,None,,53.474629,-2.262895
Water Street,173,,90288,1,,None,,53.474819,-2.262657
Water Street,173,,90289,2,,None,,53.475166,-2.26217
Mancunian Way,174,,90290,0,,None,,53.47557,-2.219174
Mancunian Way,174,,90291,1,,None,,53.47444,-2.220432
Mancunian Way,174,,90292,2,,None,,53.47365500000001,-2.221277
Mancunian Way,174,,90293,3,,None,,53.473412,-2.222436
Mancunian Way,174,,90294,4,,None,,53.473425,-2.225096
Mancunian Way,174,,90295,5,,None,,53.47378199999999,-2.227864
Mancunian Way,174,,90296,6,,None,,53.473897,-2.228637
Mancunian Way,174,,90297,7,,None,,53.47391,-2.229731
Mancunian Way,174,,90298,8,,None,,53.47375699999999,-2.2305040000000003
Mancunian Way,174,,90299,9,,None,,53.472416,-2.233701
Mancunian Way,174,,90300,10,,None,,53.471918,-2.23546
Mancunian Way,174,,90301,11,,None,,53.471662,-2.237327
Mancunian Way,174,,90302,12,,None,,53.471388,-2.239097
Mancunian Way,174,,90303,13,,None,,53.470487,-2.242091
Mancunian Way,174,,90304,14,,None,,53.47021899999999,-2.24385
Mancunian Way,174,,90305,15,,None,,53.470212,-2.244741
Mancunian Way,174,,90306,16,,None,,53.470538,-2.248496
Mancunian Way,174,,90307,17,,None,,53.47096,-2.254622
Mancunian Way,174,,90308,18,,None,,53.471515,-2.256655
Mancunian Way,174,,90309,19,,None,,53.473112,-2.259732
Mancunian Way,174,,90310,20,,None,,53.474012,-2.260705
Mancunian Way,174,,90311,21,,None,,53.47492800000001,-2.261483
Mancunian Way,174,,90312,22,,None,,53.475122,-2.261679
,175,,90313,0,,None,,53.473974,-2.260678
,175,,90314,1,,None,,53.474213,-2.260782
,175,,90315,2,,None,,53.474547,-2.2610650000000003
,175,,90316,3,,None,,53.47509300000001,-2.261464
,175,,90317,4,,None,,53.47517,-2.26155
Beswick Row,176,,90318,0,,None,,53.4880264,-2.2381237
Beswick Row,176,,90319,1,,None,,53.488175,-2.2380197
Beswick Row,176,,90320,2,,None,,53.4885466,-2.237775
Rochdale Road,177,,90321,0,,None,,53.49059570000001,-2.228213
Rochdale Road,177,,90322,1,,None,,53.489027,-2.230441
Rochdale Road,177,,90323,2,,None,,53.4884924,-2.2311741
Rochdale Road,177,,90324,3,,None,,53.4879402,-2.2325635
,178,,90325,0,,None,,53.4728691,-2.2159928
,178,,90326,1,,None,,53.4744049,-2.2143137000000004
,178,,90327,2,,None,,53.474575,-2.21428
,178,,90328,3,,None,,53.47508489999999,-2.2142011000000004
Great Ancoats Street,179,,90329,0,,None,,53.4842248,-2.2317374
Great Ancoats Street,179,,90330,1,,None,,53.484038,-2.23139
Great Ancoats Street,179,,90331,2,,None,,53.4837157,-2.2307329
Old Mill Street,180,,90332,0,,None,,53.4815019,-2.2228485
Old Mill Street,180,,90333,1,,None,,53.48135500000001,-2.223232
Old Mill Street,180,,90334,2,,None,,53.4808092,-2.2243291000000003
Leftbank,181,,90335,0,,None,,53.48148270000001,-2.2520041
Leftbank,181,,90336,1,,None,,53.481538,-2.252378
Leftbank,181,,90337,2,,None,,53.4816695,-2.2528169
Leftbank,181,,90338,3,,None,,53.48182270000001,-2.2532004
Leftbank,181,,90338,4,,None,,53.48182270000001,-2.2532004
